<?xml version="1.0" encoding="UTF-8"?>
<project-private xmlns="http://www.netbeans.org/ns/project-private/1">
    <editor-bookmarks xmlns="http://www.netbeans.org/ns/editor-bookmarks/2" lastBookmarkId="0"/>
    <open-files xmlns="http://www.netbeans.org/ns/projectui-open-files/2">
        <group>
            <file>file:/C:/Users/Brendyn%20Burns/Documents/NetBeansProjects/Banking%20System%20Lab5/web/accountBalance.jsp</file>
            <file>file:/C:/Users/Brendyn%20Burns/Documents/NetBeansProjects/Banking%20System%20Lab5/web/Admin.jsp</file>
            <file>file:/C:/Users/Brendyn%20Burns/Documents/NetBeansProjects/Banking%20System%20Lab5/web/login.jsp</file>
            <file>file:/C:/Users/Brendyn%20Burns/Documents/NetBeansProjects/Banking%20System%20Lab5/src/java/banking/database/CustomerDA.java</file>
            <file>file:/C:/Users/Brendyn%20Burns/Documents/NetBeansProjects/Banking%20System%20Lab5/src/java/banking/servlets/accountHandlingServlet.java</file>
            <file>file:/C:/Users/Brendyn%20Burns/Documents/NetBeansProjects/Banking%20System%20Lab5/web/loginSuccess.jsp</file>
            <file>file:/C:/Users/Brendyn%20Burns/Documents/NetBeansProjects/Banking%20System%20Lab5/src/java/banking/servlets/AdminServlet.java</file>
            <file>file:/C:/Users/Brendyn%20Burns/Documents/NetBeansProjects/Banking%20System%20Lab5/src/java/banking/servlets/LoginServlet.java</file>
        </group>
    </open-files>
</project-private>
